model,benchmark,benchmark_group,MAE,MSE,RMSE,MAPE,sMAPE,QL_0.1,QL_0.5,QL_0.9,n_points,n_series,runtime_seconds
TimesFM-2.5-PyTorch,target_future_covariates,target_future_covariates,0.1959957436886053,0.0791472472002938,0.2813312055217015,1.066697307376998,1.038168194225741,,,,182500,500,230.50522899627688
Moirai-2.0-R-small,target_future_covariates_xreg_residual,target_future_covariates,0.2558957632497489,0.1233815561520206,0.3512571083295264,1.3997813840843734,1.3573003497511738,0.0946017101544642,0.1279478816248744,0.0475671331087061,182500,500,65.97945642471313
Chronos-2,target_future_covariates,target_future_covariates,0.6017726192694975,0.5781230659813644,0.7603440444833933,2.7503929916620384,2.751646571482955,,,,182500,500,21.970497369766235
Chronos-2,target_only,target_only,4.253509041271658,37.79195604441598,6.14751625003269,23.674799548278923,17.841159479061503,,,,182500,500,3.4211983680725098
Moirai-2.0-R-small,target_only,target_only,5.212430299902582,47.04636823687952,6.859035517977693,25.41240744694095,21.8766683534052,1.4268521087256192,2.606215149951291,1.2757076555055895,182500,500,61.24603128433228
TimesFM-2.5-PyTorch,target_only,target_only,8.438384779212623,113.57670566678266,10.657237243619129,35.052027760909844,34.41628095719767,,,,182500,500,234.8184170722961
