model,benchmark,MAE,RMSE,MSE,MAPE,sMAPE,n_points,n_series,runtime_seconds
Chronos-2,target_only,4.253509041271658,6.14751625003269,37.79195604441598,23.674799548278923,17.841159479061503,182500,500,3.4211983680725098
Chronos-2,target_future_covariates,0.6017726192694975,0.7603440444833933,0.5781230659813644,2.7503929916620384,2.751646571482955,182500,500,21.970497369766235
