model,benchmark,MAE,MSE,RMSE,MAPE,sMAPE,n_points,n_series,QL_0.1,QL_0.5,QL_0.9,runtime_seconds
Moirai-2.0-R-small,target_only,5.212430299902582,47.046368236879516,6.859035517977693,25.41240744694095,21.876668353405197,182500,500,1.4268521087256192,2.606215149951291,1.2757076555055897,61.246031284332275
Moirai-2.0-R-small,target_future_covariates_xreg_residual,0.2558957632497489,0.12338155615202068,0.35125710832952645,1.3997813840843734,1.3573003497511738,182500,500,0.09460171015446427,0.12794788162487444,0.04756713310870612,65.97945642471313
