model,benchmark,MAE,RMSE,MSE,MAPE,sMAPE,n_points,n_series,runtime_seconds
TimesFM-2.5-PyTorch,target_only,8.438384779212623,10.657237243619129,113.57670566678266,35.052027760909844,34.41628095719767,182500,500,234.81841707229614
TimesFM-2.5-PyTorch,target_future_covariates,0.19599574368860534,0.28133120552170154,0.07914724720029388,1.0666973073769979,1.038168194225741,182500,500,230.50522899627686
